order,tier,requested_artist,requested_track,requested_version,requested_year,spotify_uri,spotify_url,spotify_artist,spotify_title,spotify_album,spotify_release_date,spotify_duration_ms,spotify_isrc,market,is_playable,linked_from_uri,version_verdict,evidence_note,checked_at
1,main,King Tubby,Dub from the Roots,album version,1974,spotify:track:5e59hbW92JjVoqf2fnBSWy,https://open.spotify.com/track/5e59hbW92JjVoqf2fnBSWy,King Tubby,Dub From The Roots,Dub From The Roots,1975-01-01,256359,GBBZV7453116,US,true,,accepted,Reviewed candidate selected: Playable 4:16 title track on Spotify's 1975 Dub From The Roots album entity; later dub-named and compilation variants excluded.,2026-08-19T02:15:32Z
2,main,Donna Summer,I Feel Love,original 12-inch version,1977,spotify:track:7B7lf3sIze5VR2WuYttn18,https://open.spotify.com/track/7B7lf3sIze5VR2WuYttn18,Donna Summer,"I Feel Love - 12"" Version",Bad Girls (Deluxe Edition),1979-04-25,495186,USPR37800054,US,true,,accepted,"Reviewed candidate selected: Explicit 12 inch version title, 8:15 duration, and original recording ISRC agree.",2026-08-19T02:09:43Z
3,main,Yellow Magic Orchestra,Rydeen,album version,1979,spotify:track:0RAXoT7hwOoqAXI95ryxT5,https://open.spotify.com/track/0RAXoT7hwOoqAXI95ryxT5,"YELLOW MAGIC ORCHESTRA, 吉沢典夫",RYDEEN,Solid State Survivor,1979-09-25,266360,JPAL09900370,US,true,,accepted,"Reviewed candidate selected: Reviewed artist, title, requested version, release context, duration, ISRC, and recorded alternatives agree.",2026-08-19T02:08:37Z
4,main,Kraftwerk,Numbers,album version,1981,spotify:track:7l6zV8bdJs6LtYMdjAn2BJ,https://open.spotify.com/track/7l6zV8bdJs6LtYMdjAn2BJ,Kraftwerk,Numbers - 2009 Remaster,Computer World (2009 Remaster),1981,200333,GB01A0900381,US,true,,accepted,"Reviewed candidate selected: Reviewed artist, title, requested version, release context, duration, ISRC, and recorded alternatives agree.",2026-08-19T02:08:38Z
5,main,D-Train,You're the One for Me,12-inch vocal version,1981,,,,,,,,,,,,unavailable,"Requested version unavailable: The documented 1981 12-inch vocal is about 6:59; Spotify search exposes 4:09 album edits, later Labor of Love mixes, or a 7:25 mastermix, but no matching playable original vocal master.",2026-08-19T02:15:59Z
6,main,Patrick Cowley feat. Sylvester,Do Ya Wanna Funk,12-inch version,1982,spotify:track:03bPizm2zHjY4AdSR2SJpR,https://open.spotify.com/track/03bPizm2zHjY4AdSR2SJpR,"Patrick Cowley, Sylvester",Do You Wanna Funk?,Patrick Cowley's Greatest Hits,1981-01-01,406053,CAU118200125,US,true,,accepted,Reviewed candidate selected: Full 6:46 recording matches the approximately 6:47 original 12-inch version; shorter edits and named remixes excluded.,2026-08-19T02:15:32Z
7,main,Afrika Bambaataa & the Soulsonic Force,Planet Rock,original 12-inch version,1982,spotify:track:5aD3fAa1fy8XUesj3lgr19,https://open.spotify.com/track/5aD3fAa1fy8XUesj3lgr19,"Afrika Bambaataa, The Soulsonic Force","Planet Rock - Original 12"" Version",Planet Rock: The Album,1986-12-01,383960,USTB10500020,US,true,,accepted,Reviewed candidate selected: Explicit Original 12 inch Version title and 6:24 duration agree.,2026-08-19T02:09:44Z
8,main,Cybotron,Clear,original version,1983,spotify:track:2SAxKE5inx2L97qM3rfrr5,https://open.spotify.com/track/2SAxKE5inx2L97qM3rfrr5,Cybotron,Clear,Enter (Deluxe Edition),2023-11-28,292273,USC4R1800643,US,true,,accepted,Reviewed candidate selected: Full Clear recording by Cybotron; all recorded alternatives are later remixes.,2026-08-19T02:10:33Z
9,main,Shannon,Let the Music Play,12-inch version,1983,spotify:track:3tWaj9DJqVclcOmDJtOBlU,https://open.spotify.com/track/3tWaj9DJqVclcOmDJtOBlU,Shannon,Let the Music Play - 12 Inch Version,Let the Music Play,2006-01-01,346067,CAU118401863,US,true,,exact,"Artist, base title, and the specific requested version wording agree.",2026-08-19T01:54:23Z
10,main,Jesse Saunders,On and On,original 12-inch version,1984,spotify:track:5pQUQUi23TTkdNLOQJO8r6,https://open.spotify.com/track/5pQUQUi23TTkdNLOQJO8r6,Jesse Saunders,On & On - Vocal Album Mix,The Greatest Hitz,2010-03-09,469294,USQPM1006021,US,true,,accepted,Reviewed candidate selected: 7:49 Vocal Album Mix closely matches the documented 7:51 original 12-inch vocal mix; later remixes and short 2025 entity excluded.,2026-08-19T02:15:32Z
11,main,Model 500,No UFO's,original version,1985,spotify:track:1Ro7L7RPp5P8heOfW4EQKA,https://open.spotify.com/track/1Ro7L7RPp5P8heOfW4EQKA,Model 500,No Ufo's - Vocal,No Ufo's (Original Version),1985-01-01,258933,NOAPI1794091,US,true,,accepted,"Reviewed candidate selected: Original 1985 release entity, 4:19 vocal A-side; instrumental and later remixes excluded.",2026-08-19T02:15:33Z
12,main,MC A.D.E.,Bass Rock Express,original 12-inch version,1985,spotify:track:0s5QZyozbPX0KgxJL9YSeN,https://open.spotify.com/track/0s5QZyozbPX0KgxJL9YSeN,M.C. A.D.E.,Bass Rock Express,Bass of 4-Sight,1992,366066,USASN0902089,US,true,,accepted,"Reviewed candidate selected: Full 6:06 Bass Rock Express entity matches the original 12 inch program, excluding unrelated artist results.",2026-08-19T02:09:44Z
13,main,Mr. Fingers,Mystery of Love,original version,1985,spotify:track:1E8hMeQvfgvQPjN3BZ2viF,https://open.spotify.com/track/1E8hMeQvfgvQPjN3BZ2viF,Mr. Fingers,Mystery of Love,Amnesia,2011-01-01,430576,US4G90400213,US,true,,accepted,Reviewed candidate selected: Full 7:11 Mystery of Love recording; mixed excerpt and later remix excluded.,2026-08-19T02:10:33Z
14,main,Marshall Jefferson,Move Your Body (The House Music Anthem),original version,1986,spotify:track:3aWW1oqfrF1fsLJ0ynB2hi,https://open.spotify.com/track/3aWW1oqfrF1fsLJ0ynB2hi,Marshall Jefferson,Move Your Body,"Chicago Trax, Vol. 1",2007-06-05,468226,USA560680245,US,true,,accepted,Reviewed candidate selected: Full 7:48 Trax recording matches the original full-length mix; short remaster candidate excluded.,2026-08-19T02:13:41Z
15,main,Adonis,No Way Back,original version,1986,spotify:track:7nQaBI1NTv5kpPyeMruTTK,https://open.spotify.com/track/7nQaBI1NTv5kpPyeMruTTK,Adonis,No Way Back,No Way Back,2018-08-24,295911,US3VR8600001,US,true,,accepted,Reviewed candidate selected: Original 1986 ISRC and full No Way Back entity; Advent remixes excluded.,2026-08-19T02:10:33Z
16,main,Phuture,Acid Tracks,original 12-inch version,1987,spotify:track:2aLXJJ2zOsBJlGTxiG0yMi,https://open.spotify.com/track/2aLXJJ2zOsBJlGTxiG0yMi,Phuture,Acid Tracks,Acid Tracks,1987,737173,GBBLG0100348,US,true,,accepted,"Reviewed candidate selected: Reviewed artist, title, requested version, release context, duration, ISRC, and recorded alternatives agree.",2026-08-19T02:08:38Z
17,main,Frankie Knuckles feat. Jamie Principle,Your Love,original version,1987,spotify:track:0vryyKyxCFXT0gg670yNEw,https://open.spotify.com/track/0vryyKyxCFXT0gg670yNEw,Frankie Knuckles,Your Love,Baby Wants to Ride / Your Love,1987,403706,GBBLG1300318,US,true,,accepted,"Reviewed candidate selected: Reviewed artist, title, requested version, release context, duration, ISRC, and recorded alternatives agree.",2026-08-19T02:08:38Z
18,main,Joe Smooth feat. Anthony Thomas,Promised Land,original club mix,1987,spotify:track:796T2ROxTNibXRjVhjSzCa,https://open.spotify.com/track/796T2ROxTNibXRjVhjSzCa,Joe Smooth,Promised Land,Promised Land,1988-12-11,331706,QMG9T1300034,US,true,,accepted,"Reviewed candidate selected: Reviewed artist, title, requested version, release context, duration, ISRC, and recorded alternatives agree.",2026-08-19T02:08:38Z
19,main,Rhythim Is Rhythim,Strings of Life,original version,1987,spotify:track:0vBg4JYmBIyNgk1R3R0cX6,https://open.spotify.com/track/0vBg4JYmBIyNgk1R3R0cX6,Rhythim Is Rhythim,Strings Of Life,Strings Of Life,1987,378763,FR59R1646692,US,true,,accepted,Reviewed candidate selected: 1987 Strings Of Life release and 6:19 duration agree with the requested original.,2026-08-19T02:09:44Z
20,main,Ten City,Devotion,original club version,1987,spotify:track:340YDZMetwJq6sby0pH4gr,https://open.spotify.com/track/340YDZMetwJq6sby0pH4gr,Ten City,Devotion - Extended Version,Foundation,1989,411933,USEE10250877,US,true,,accepted,Reviewed candidate selected: Extended Version title and 6:52 duration identify the requested original club version.,2026-08-19T02:10:33Z
21,main,Inner City,Good Life,original version,1988,spotify:track:5sJiLlgQKBL81QCTOkoLB5,https://open.spotify.com/track/5sJiLlgQKBL81QCTOkoLB5,Inner City,Good Life,Paradise,1989,244773,GBAAA8900115,US,true,,accepted,Reviewed candidate selected: Plain-title 4:04 album recording matches the original approximately 4:03 version; named 12-inch remixes and later remasters excluded.,2026-08-19T02:15:33Z
22,main,A Guy Called Gerald,Voodoo Ray,original version,1988,spotify:track:6GmMFUzQdT9axTJ8aVkUZ2,https://open.spotify.com/track/6GmMFUzQdT9axTJ8aVkUZ2,A Guy Called Gerald,Voodoo Ray,Voodoo Ray,1988,267106,GXJBZ2626495,US,true,,accepted,"Reviewed candidate selected: Reviewed artist, title, requested version, release context, duration, ISRC, and recorded alternatives agree.",2026-08-19T02:08:38Z
23,main,Technotronic feat. Ya Kid K,Pump Up the Jam,original 12-inch version,1989,spotify:track:21qnJAMtzC6S5SESuqQLEK,https://open.spotify.com/track/21qnJAMtzC6S5SESuqQLEK,Technotronic,Pump Up The Jam,Pump Up The Jam,1989-11-28,320306,BED018901375,US,true,,accepted,"Reviewed candidate selected: Reviewed artist, title, requested version, release context, duration, ISRC, and recorded alternatives agree.",2026-08-19T02:08:38Z
24,main,Lil Louis,French Kiss,original 12-inch version,1989,spotify:track:7hnqJYCKZFW7vMoykaraZG,https://open.spotify.com/track/7hnqJYCKZFW7vMoykaraZG,"Lil' Louis, The World",French Kiss - The Original Underground Mix,Club Epic - A Collection Of Classic Dance Mixes: Volume 4,1996-01-30,591733,USSM18900036,US,true,,accepted,Reviewed candidate selected: Original Underground Mix title and 9:52 duration identify the original 12 inch version.,2026-08-19T02:09:44Z
25,main,4hero,Mr Kirk's Nightmare,original version,1990,spotify:track:6El7IY5WIj6iqWbQZwbC40,https://open.spotify.com/track/6El7IY5WIj6iqWbQZwbC40,4hero,Mr Kirk's Nightmare,Reinforced Presents Callin For Reinforcements,2008-09-01,382306,GB-SZC-07-00012,US,true,,accepted,Reviewed candidate selected: Only playable artist/title candidate is the full 6:22 Reinforced archival recording.,2026-08-19T02:10:33Z
26,main,Joey Beltram,Energy Flash,original version,1990,spotify:track:46ddej1ibGIgs58H0wakoK,https://open.spotify.com/track/46ddej1ibGIgs58H0wakoK,Joey Beltram,Energy Flash,Classics,1996-01-01,350813,BEZ350800044,US,true,,accepted,"Reviewed candidate selected: Reviewed artist, title, requested version, release context, duration, ISRC, and recorded alternatives agree.",2026-08-19T02:08:39Z
27,main,The Orb,Little Fluffy Clouds,original version,1990,spotify:track:7H8OEVxkCgIvAvWp1MZBxw,https://open.spotify.com/track/7H8OEVxkCgIvAvWp1MZBxw,The Orb,Little Fluffy Clouds,Adventures Beyond The Ultraworld,1991-04-02,267666,GBAAN9100004,US,true,,accepted,Reviewed candidate selected: Adventures Beyond The Ultraworld album entity and original ISRC agree; remixes and live versions excluded.,2026-08-19T02:10:34Z
28,main,LFO,LFO,Leeds Warehouse Mix,1990,spotify:track:5AMGYRhiqZoCYkJEK3yqgi,https://open.spotify.com/track/5AMGYRhiqZoCYkJEK3yqgi,LFO,LFO - Leeds Warehouse Mix,Frequencies,1991-07-22,319000,GBBPW9000014,US,true,,exact,"Artist, base title, and the specific requested version wording agree.",2026-08-19T01:54:36Z
29,main,Mescalinum United,We Have Arrived,original version,1990,spotify:track:6jg7l0KCQbmqy7rDdGi6N7,https://open.spotify.com/track/6jg7l0KCQbmqy7rDdGi6N7,Mescalinum United,We Have Arrived - Orginal Mix,"Marc Acardipane Best of 1989-1998, Vol. 2",2006-11-10,254653,DEN450600040,US,true,,accepted,Reviewed candidate selected: Original Mix title and 4:15 duration identify the requested recording despite the platform misspelling.,2026-08-19T02:09:44Z
30,main,Masters at Work,The Ha Dance,original version,1991,spotify:track:4x1E99Fe36e06M5YbLBgMC,https://open.spotify.com/track/4x1E99Fe36e06M5YbLBgMC,Masters At Work,The Ha Dance,The House Of Cutting,1997-05-01,202773,USCRI9722819,US,true,,accepted,"Reviewed candidate selected: The House of Cutting vocal entity is the requested original Ha Dance, not a later remix.",2026-08-19T02:10:34Z
31,main,Lennie De Ice,We Are I.E.,original version,1991,,,,,,,,,,,,unavailable,"Requested version unavailable: The 1991 original runs about 7:41; Spotify exposes later remixes and a 4:58 Original Extended Edit, not the requested full original.",2026-08-19T02:15:59Z
32,main,The Future Sound of London,Papua New Guinea,original 12-inch version,1991,spotify:track:5zh23oMbATQlWbwEe5U0KG,https://open.spotify.com/track/5zh23oMbATQlWbwEe5U0KG,The Future Sound Of London,Papua New Guinea,Accelerator,1991,405293,GBELY0600006,US,true,,accepted,"Reviewed candidate selected: Reviewed artist, title, requested version, release context, duration, ISRC, and recorded alternatives agree.",2026-08-19T02:08:39Z
33,main,SL2,On a Ragga Tip,original version,1992,spotify:track:3IqJLxzmPEmEbqy4djgQ49,https://open.spotify.com/track/3IqJLxzmPEmEbqy4djgQ49,SL2,"On a Ragga Tip - Original 12"" Mix",XL Recordings: The First Chapters,2008-08-04,309360,GBBKS9200081,US,true,,accepted,"Reviewed candidate selected: Explicit Original 12 inch Mix title, original ISRC, and 5:09 duration agree.",2026-08-19T02:09:44Z
34,main,Age of Love,The Age of Love,Watch Out for Stella Club Mix,1992,spotify:track:4u88MrYJ8ZCnmUdjITNGKz,https://open.spotify.com/track/4u88MrYJ8ZCnmUdjITNGKz,"Age Of Love, Jam & Spoon",The Age Of Love - Jam & Spoon Watch Out For Stella Mix,The Age Of Love (Radio Edit),1990-01-01,408773,BEE329000130,US,true,,exact,"Artist, base title, and the specific requested version wording agree.",2026-08-19T01:54:42Z
35,main,Euromasters,Amsterdam Waar Lech Dat Dan?,original version,1992,spotify:track:1HDUwC2GSgLawKyVTTKO5r,https://open.spotify.com/track/1HDUwC2GSgLawKyVTTKO5r,Euromasters,Amsterdam... Waar lech dat dan? - Maastunnel Mix,Amsterdam... Waar lech dat dan?,2011-05-09,263639,NLC050200925,US,true,,accepted,Reviewed candidate selected: Maastunnel Mix is the original named Euromasters version and has a stable ISRC.,2026-08-19T02:10:34Z
36,main,Aphex Twin,Xtal,album version,1992,spotify:track:7o2AeQZzfCERsRmOM86EcB,https://open.spotify.com/track/7o2AeQZzfCERsRmOM86EcB,Aphex Twin,Xtal,Selected Ambient Works 85-92,1992-02-10,293751,BEZ350800022,US,true,,accepted,"Reviewed candidate selected: Reviewed artist, title, requested version, release context, duration, ISRC, and recorded alternatives agree.",2026-08-19T02:08:39Z
37,main,Orbital,Halcyon + On + On,album version,1993,spotify:track:5xcunlfaZvD9BDQsLONI7A,https://open.spotify.com/track/5xcunlfaZvD9BDQsLONI7A,Orbital,HALCYON + ON + ON,Orbital 2,1993-01-01,567106,GBAAP9500471,US,true,,accepted,"Reviewed candidate selected: Reviewed artist, title, requested version, release context, duration, ISRC, and recorded alternatives agree.",2026-08-19T02:08:39Z
38,main,Hardfloor,Acperience 1,original version,1992,spotify:track:2IQ61J0AFfjnxBm4lQEU0W,https://open.spotify.com/track/2IQ61J0AFfjnxBm4lQEU0W,Hardfloor,Acperience 1,TB Resucitation,1993-05-01,542939,DEP999300001,US,true,,accepted,"Reviewed candidate selected: Reviewed artist, title, requested version, release context, duration, ISRC, and recorded alternatives agree.",2026-08-19T02:08:39Z
39,main,2 Unlimited,No Limit,Extended Mix,1993,spotify:track:1Iliw12oB5w4ALHiVqj4VB,https://open.spotify.com/track/1Iliw12oB5w4ALHiVqj4VB,2 Unlimited,No Limit - Extended Mix,Summer Hitz: Throwback 4,2020-03-03,355014,BEAA10075003,US,true,,exact,"Artist, base title, and the specific requested version wording agree.",2026-08-19T01:54:45Z
40,main,Origin Unknown,Valley of the Shadows,original version,1993,spotify:track:6fzwardfFs6sVfNA5R1ypt,https://open.spotify.com/track/6fzwardfFs6sVfNA5R1ypt,Origin Unknown,Valley of the Shadows,Valley of the Shadows,1996,280973,GBBZH9601601,US,true,,accepted,Reviewed candidate selected: Full Valley of the Shadows entity and stable ISRC agree; edits and later remixes were excluded.,2026-08-19T02:09:45Z
41,main,Plastikman,Spastik,original version,1993,spotify:track:553HOkDZQktOEBKvxTBPS1,https://open.spotify.com/track/553HOkDZQktOEBKvxTBPS1,"Plastikman, Richie Hawtin",Spastik,Recycled Plastik,1994-04-11,555626,CAM261800030,US,true,,accepted,Reviewed candidate selected: Full 9:16 Recycled Plastik Spastik recording; mixed excerpt and Dubfire rework excluded.,2026-08-19T02:10:34Z
42,main,Basic Channel,Quadrant Dub I,original version,1994,spotify:track:0dC0x8MaaASf0zenCVA4zc,https://open.spotify.com/track/0dC0x8MaaASf0zenCVA4zc,Basic Channel,Quadrant Dub I,Quadrant Dub,1994,936017,DEW259400126,US,true,,accepted,"Reviewed candidate selected: Reviewed artist, title, requested version, release context, duration, ISRC, and recorded alternatives agree.",2026-08-19T02:08:39Z
43,main,Shy FX & UK Apachi,Original Nuttah,original version,1994,,,,,,,,,,,,unavailable,Requested version unavailable: The exact 1994 5:12 Spotify entity spotify:track:53mh7POQqTXj2Cfh7phP5b is unplayable in the authenticated US market; Original Nuttah 25 is a later re-recording.,2026-08-19T02:15:59Z
44,main,Goldie,Inner City Life,original version,1994,spotify:track:0O7xFEqePrcTUgOi4qe0uB,https://open.spotify.com/track/0O7xFEqePrcTUgOi4qe0uB,Goldie,Inner City Life,Inner City Life,1994-01-01,420266,GBAAP9500462,US,true,,accepted,"Reviewed candidate selected: Reviewed artist, title, requested version, release context, duration, ISRC, and recorded alternatives agree.",2026-08-19T02:08:40Z
45,main,Union Jack,Two Full Moons and a Trout,original version,1994,spotify:track:5cP7CvOiWxPF44bRws62Ae,https://open.spotify.com/track/5cP7CvOiWxPF44bRws62Ae,Union Jack,"Two Full Moons And A Trout - 14"" Mix - Remastered",Platipus - Archive One,2011-12-20,477440,GBCFW1100277,US,true,,accepted,Reviewed candidate selected: The 14 inch Mix is the original long version; modern remixes and the Caspar Pound mix were excluded.,2026-08-19T02:09:45Z
46,main,Robert Hood,Minus,original version,1994,spotify:track:0YLEO6hUj8uO3RrJTHMPkD,https://open.spotify.com/track/0YLEO6hUj8uO3RrJTHMPkD,Robert Hood,Minus,Internal Empire,1994,322533,DEF279402705,US,true,,accepted,"Reviewed candidate selected: Reviewed artist, title, requested version, release context, duration, ISRC, and recorded alternatives agree.",2026-08-19T02:08:40Z
47,main,Hallucinogen,LSD,original version,1995,spotify:track:65vtVvFUoYVLZRvvBsJlQM,https://open.spotify.com/track/65vtVvFUoYVLZRvvBsJlQM,Hallucinogen,LSD,A Taste Of Goa Trance,1999-01-08,404693,GBHCD1151171,US,true,,accepted,Reviewed candidate selected: Full 6:44 Hallucinogen LSD recording; live and remix versions excluded.,2026-08-19T02:13:41Z
48,main,LTJ Bukem,Horizons,original version,1995,,,,,,,,,,,,unavailable,Requested version unavailable: The full 1995 original is not exposed as a playable entity; the discoverable 4:18 Spotify item is a shortened DJ-mix compilation excerpt.,2026-08-19T02:15:59Z
49,main,Scott Brown,Now Is the Time,original version,1995,,,,,,,,,,,,unavailable,Requested version unavailable: Spotify exposes continuous DJ mixes containing the track but no separately playable original recording.,2026-08-19T02:15:59Z
50,main,Todd Edwards,Saved My Life,original version,1995,spotify:track:6MzbkttG6AVU8lXwxLqtic,https://open.spotify.com/track/6MzbkttG6AVU8lXwxLqtic,Todd Edwards,Saved My Life,Saved My Life,1996-04-01,415730,GBCPZ9619557,US,true,,accepted,Reviewed candidate selected: Original 1996 Saved My Life release and stable 6:56 ISRC agree.,2026-08-19T02:10:34Z
51,main,DJ Zinc,Super Sharp Shooter,original version,1995,spotify:track:5F1E5uRR1cZ6zKMLVjgOyF,https://open.spotify.com/track/5F1E5uRR1cZ6zKMLVjgOyF,DJ Zinc,Super Sharp Shooter,Super Sharp Shooter,1996-09-06,388760,GBARL9600255,US,true,,accepted,Reviewed candidate selected: 1996 full-length 6:29 Super Sharp Shooter entity; short edit and later remixes excluded.,2026-08-19T02:09:45Z
52,main,The Chemical Brothers,Block Rockin' Beats,original version,1997,spotify:track:1FNvrp5K02oThumS6gllzp,https://open.spotify.com/track/1FNvrp5K02oThumS6gllzp,The Chemical Brothers,Block Rockin' Beats,Dig Your Own Hole,1997-01-01,313666,GBAAA9700048,US,true,,accepted,"Reviewed candidate selected: Reviewed artist, title, requested version, release context, duration, ISRC, and recorded alternatives agree.",2026-08-19T02:08:40Z
53,main,Daft Punk,Revolution 909,album version,1997,spotify:track:5pgZpHqfv4TSomtkfGZGrG,https://open.spotify.com/track/5pgZpHqfv4TSomtkfGZGrG,Daft Punk,Revolution 909,Homework,1997-01-17,335026,GBDUW0600005,US,true,,accepted,"Reviewed candidate selected: Reviewed artist, title, requested version, release context, duration, ISRC, and recorded alternatives agree.",2026-08-19T02:08:40Z
54,main,Roni Size / Reprazent,Brown Paper Bag,album version,1997,spotify:track:3ZQs8RHO3lPZoUwpavPENL,https://open.spotify.com/track/3ZQs8RHO3lPZoUwpavPENL,"Roni Size, Reprazent",Brown Paper Bag,New Forms (20th Anniversary Edition),1997-05-23,543546,GBF089700307,US,true,,accepted,"Reviewed candidate selected: Reviewed artist, title, requested version, release context, duration, ISRC, and recorded alternatives agree.",2026-08-19T02:08:40Z
55,main,Jeff Mills,The Bells,original version,1997,spotify:track:3hvBwTnQFcTvDvcabMw985,https://open.spotify.com/track/3hvBwTnQFcTvDvcabMw985,Jeff Mills,The Bells,The Bells,2006,289181,FRX201785612,US,true,,accepted,Reviewed candidate selected: Full 4:49 plain-title recording on The Bells release; orchestral Blue Potential version excluded.,2026-08-19T02:15:33Z
56,main,Double 99,RipGroove,original version,1997,spotify:track:48ha6RZcXoYGzmWhCO7Ust,https://open.spotify.com/track/48ha6RZcXoYGzmWhCO7Ust,Double 99,Ripgroove,Double 99 Double Pack,2014-01-31,367031,GBESM1100033,US,true,,accepted,Reviewed candidate selected: Full 6:07 original recording and stable ISRC; rerecording and radio edit excluded.,2026-08-19T02:09:45Z
57,main,Tina Moore,Never Gonna Let You Go,Kelly G Bump-N-Go Vocal Mix,1997,spotify:track:1wwdZALZhTeDkMHqQpTy6E,https://open.spotify.com/track/1wwdZALZhTeDkMHqQpTy6E,"Tina Moore, Kelly G.",Never Gonna Let You Go - Kelly G. Bump-N-Go Vocal Mix,Never Gonna Let You Go,1997-07-01,254533,USRC12002289,US,true,,exact,"Artist, base title, and the specific requested version wording agree.",2026-08-19T01:54:57Z
58,main,Energy 52,Café del Mar,Three 'N One Remix,1997,spotify:track:3CleFb6zdsgndKKHgE3DJc,https://open.spotify.com/track/3CleFb6zdsgndKKHgE3DJc,"Energy 52, Three 'N One",Café Del Mar - Three 'n One Remix - 30 Years Anniversary Vinyl Remaster [Remastered],Café Del Mar (30 Years Anniversary),2024-11-29,524688,DEL022210002,US,true,,exact,"Artist, base title, and the specific requested version wording agree.",2026-08-19T01:54:57Z
59,main,RP Boo,Baby Come On,original / archival version,1997,spotify:track:0rzohlbJIrpvIHFAgPztfG,https://open.spotify.com/track/0rzohlbJIrpvIHFAgPztfG,RP Boo,Baby Come On,"Classics, Vol.1",2015-04-06,313706,USA2B1511688,US,true,,accepted,Reviewed candidate selected: RP Boo archival Classics release and 5:14 duration match the requested archival version.,2026-08-19T02:09:45Z
60,main,Miss Kittin & The Hacker,Frank Sinatra,original version,1998,spotify:track:3sExpgNIBo9ZZh5r8NFQGJ,https://open.spotify.com/track/3sExpgNIBo9ZZh5r8NFQGJ,"Miss Kittin, The Hacker",Frank Sinatra,First Album,2001-10-01,235933,DEGQ20700024,US,true,,accepted,Reviewed candidate selected: Original First Album entity and stable ISRC; reissue duplicate and alternate 2001 version excluded.,2026-08-19T02:10:34Z
61,main,Ed Rush & Optical,Bacteria,original version,1998,spotify:track:0cW9LR6eX9BoCkY1arL6YJ,https://open.spotify.com/track/0cW9LR6eX9BoCkY1arL6YJ,"Ed Rush, Optical",Bacteria,Gas Mask / Bacteria,1999-05-01,407466,GBTKW9900052,US,true,,accepted,Reviewed candidate selected: Full Gas Mask / Bacteria recording; DJ mix excerpt and Pendulum remix excluded.,2026-08-19T02:10:35Z
62,main,Sasha,Xpander,original version,1999,spotify:track:76mh0rcSJpNhoCCqazptWm,https://open.spotify.com/track/76mh0rcSJpNhoCCqazptWm,Sasha,Xpander,The Xpander E.P.,1999-07-05,690373,GBARK9900004,US,true,,accepted,"Reviewed candidate selected: Reviewed artist, title, requested version, release context, duration, ISRC, and recorded alternatives agree.",2026-08-19T02:08:41Z
63,main,Dem 2,Destiny,original version,1998,spotify:track:2tkdZAo4R4vF6TSc5BvA8r,https://open.spotify.com/track/2tkdZAo4R4vF6TSc5BvA8r,Dem 2,Destiny,PAY CLOSE ATTENTION: XL Recordings,2014-08-25,297200,GBBKS9900269,US,true,,accepted,Reviewed candidate selected: Full vocal Destiny entity selected; radio edit and named remixes excluded.,2026-08-19T02:10:35Z
64,main,Bad Company,The Nine,original version,1998,spotify:track:4SQfru2JwRHATPltjQFLEL,https://open.spotify.com/track/4SQfru2JwRHATPltjQFLEL,Bad Company UK,The Nine - Remastered,The Nine (Remastered),2014-01-03,426449,GBTEL1400013,US,true,,accepted,Reviewed candidate selected: Full 7:06 remaster preserves the original The Nine entity; corrupt short and unrelated long results excluded.,2026-08-19T02:09:45Z
65,main,MJ Cole,Sincere,original version,1998,,,,,,,,,,,,unavailable,"Requested version unavailable: The documented 1998 vocal mix is about 5:46; available entities are the later Re-Cue'D version, remixes, or a duration-mismatched compilation master.",2026-08-19T02:15:59Z
66,main,Masters at Work feat. India,To Be in Love,MAW club version,1999,spotify:track:6fIuAfvlas2lhsMiHDT6PF,https://open.spotify.com/track/6fIuAfvlas2lhsMiHDT6PF,Masters At Work,To Be In Love - MAW '99 Mix,To Be In Love ('99 Remixes),1999-08-20,714600,GBKQU2128804,US,true,,accepted,"Reviewed candidate selected: Reviewed artist, title, requested version, release context, duration, ISRC, and recorded alternatives agree.",2026-08-19T02:08:41Z
67,main,Wookie,Battle,original version,2000,spotify:track:1Y8R1CKdai0oycCf6K0sjh,https://open.spotify.com/track/1Y8R1CKdai0oycCf6K0sjh,"Wookie, Lain",Battle,Wookie (Deluxe Edition),2017-09-29,300500,GBVN81700031,US,true,,accepted,"Reviewed candidate selected: Reviewed artist, title, requested version, release context, duration, ISRC, and recorded alternatives agree.",2026-08-19T02:08:41Z
68,main,Delerium feat. Sarah McLachlan,Silence,Tiësto's In Search of Sunrise Remix,2000,spotify:track:7tU5JvCfG0t3PHG7mchPjv,https://open.spotify.com/track/7tU5JvCfG0t3PHG7mchPjv,"Delerium, Sarah McLachlan, Tiësto",Silence (feat. Sarah McLachlan) - DJ Tiësto's in Search of Sunrise Remix,Remixed,2003-12-15,693680,CAN110000030,US,true,,exact,"Artist, base title, and the specific requested version wording agree.",2026-08-19T01:55:01Z
69,main,Calibre,Mr Maverick,original version,2004,spotify:track:5jPGG0sycNwxFNMIf4exGY,https://open.spotify.com/track/5jPGG0sycNwxFNMIf4exGY,Calibre,Mr. Maverick,Mr. Maverick / Highlander,2004,351720,GBZSD0400005,US,true,,accepted,Reviewed candidate selected: Official 2004 Mr. Maverick / Highlander release and 5:51 track agree.,2026-08-19T02:06:00Z
70,main,Fischerspooner,Emerge,original version,2001,spotify:track:3vyKSb9sAdXl0kQ1KnS9fY,https://open.spotify.com/track/3vyKSb9sAdXl0kQ1KnS9fY,Fischerspooner,Emerge,#1,2003-01-01,288306,USFS20200002,US,true,,accepted,"Reviewed candidate selected: Reviewed artist, title, requested version, release context, duration, ISRC, and recorded alternatives agree.",2026-08-19T02:08:41Z
71,main,Horsepower Productions,Gorgon Sound,original version,2002,spotify:track:6mZfaJ1FGUpHv72WbCgBt0,https://open.spotify.com/track/6mZfaJ1FGUpHv72WbCgBt0,Horsepower Productions,Gorgon Sound,In Fine Style,2003-03-10,253146,GBQGW0000003,US,true,,accepted,"Reviewed candidate selected: Reviewed artist, title, requested version, release context, duration, ISRC, and recorded alternatives agree.",2026-08-19T02:08:41Z
72,main,Benny Benassi presents The Biz,Satisfaction,original version,2002,spotify:track:5JZnjM9ijpit0d5zjT8MM7,https://open.spotify.com/track/5JZnjM9ijpit0d5zjT8MM7,"Benny Benassi, The Biz",Satisfaction,Hypnotica,2003-08-19,285413,USUS10410043,US,true,,accepted,"Reviewed candidate selected: Reviewed artist, title, requested version, release context, duration, ISRC, and recorded alternatives agree.",2026-08-19T02:08:41Z
73,main,Wiley,Eskimo,original version,2002,spotify:track:5XRhQZweGbmOQUF3ug04dA,https://open.spotify.com/track/5XRhQZweGbmOQUF3ug04dA,Wiley,Eskimo,I Love Grime,2012-10-08,259488,GBQGW1290118,US,true,,accepted,Reviewed candidate selected: Full 4:19 Eskimo recording selected; interlude and shortened compilation result excluded.,2026-08-19T02:09:46Z
74,main,Dizzee Rascal,I Luv U,album version,2003,spotify:track:4EqqHNzPaLpdVk7FgdQHXo,https://open.spotify.com/track/4EqqHNzPaLpdVk7FgdQHXo,Dizzee Rascal,I Luv U,Boy In Da Corner,2003,245080,GBBKS0300030,US,true,,accepted,"Reviewed candidate selected: Reviewed artist, title, requested version, release context, duration, ISRC, and recorded alternatives agree.",2026-08-19T02:08:42Z
75,main,Ricardo Villalobos,Easy Lee,original version,2003,,,,,,,,,,,,unavailable,"Requested version unavailable: Spotify exposes the 2025 Random Factor remix, not Villalobos's requested original Easy Lee recording.",2026-08-19T02:15:59Z
76,main,Deize Tigrona,Injeção,original version,2004,spotify:track:1aNkPu1ZajXlERTZwHMvHh,https://open.spotify.com/track/1aNkPu1ZajXlERTZwHMvHh,"DJ Marlboro, Deize Tigrona",Injeção,Big Mix 04 - As Melhores do DJ Marlboro,2004-05-12,176240,BRLRE0200125,US,true,,accepted,Reviewed candidate selected: 2004 DJ Marlboro release matches the requested original rather than the 2008 remix.,2026-08-19T02:09:46Z
77,main,Skream,Midnight Request Line,original version,2005,spotify:track:75zs01TZIdJsYKZnHmUj6B,https://open.spotify.com/track/75zs01TZIdJsYKZnHmUj6B,Skream,Midnight Request Line,Skream! (Expanded Edition),2006-10-30,236453,GBQGW0501000,US,true,,accepted,"Reviewed candidate selected: Reviewed artist, title, requested version, release context, duration, ISRC, and recorded alternatives agree.",2026-08-19T02:08:42Z
78,main,Rod Lee,Dance My Pain Away,original version,2005,spotify:track:6MP8D1BNhOBRix0GDRP2SO,https://open.spotify.com/track/6MP8D1BNhOBRix0GDRP2SO,Rod Lee,Dance My Pain Away,Vol. 5: The Official,2006-03-28,171897,USA370564849,US,true,,accepted,Reviewed candidate selected: Full original 2:52 recording selected; shortened soundtrack edit excluded.,2026-08-19T02:09:46Z
79,main,Pendulum,Slam,original version,2005,spotify:track:5cw39FV9eXL3IuLxwpG8Z1,https://open.spotify.com/track/5cw39FV9eXL3IuLxwpG8Z1,Pendulum,Slam,Hold Your Colour,2007-05-19,344973,GBKBH0502202,US,true,,accepted,"Reviewed candidate selected: Reviewed artist, title, requested version, release context, duration, ISRC, and recorded alternatives agree.",2026-08-19T02:08:42Z
80,main,Justice,Waters of Nazareth,original version,2005,spotify:track:0WGLjl3EIjf9MjJFJ90yX9,https://open.spotify.com/track/0WGLjl3EIjf9MjJFJ90yX9,Justice,Waters of Nazareth,Justice,2007-06-11,265173,FR0NT0500091,US,true,,accepted,"Reviewed candidate selected: Reviewed artist, title, requested version, release context, duration, ISRC, and recorded alternatives agree.",2026-08-19T02:08:42Z
81,main,Digital Mystikz,Anti War Dub,original version,2006,spotify:track:4gVyYO3lwkhhjQXp4oabwy,https://open.spotify.com/track/4gVyYO3lwkhhjQXp4oabwy,"Mala, Spen G",Anti War Dub,Anti War Dub,2021-06-25,382131,UKHAU2000357,US,true,,accepted,Reviewed candidate selected: Full 6:22 recording matches the 2006 Digital Mystikz release; current Spotify credits the actual producer Mala and vocalist Spen G.,2026-08-19T02:15:33Z
82,main,Burial,Archangel,album version,2007,spotify:track:55gnBQAhU5rGzLsXTAx2MM,https://open.spotify.com/track/55gnBQAhU5rGzLsXTAx2MM,Burial,Archangel,Untrue,2007,238426,GBLZC0700013,US,true,,accepted,"Reviewed candidate selected: Reviewed artist, title, requested version, release context, duration, ISRC, and recorded alternatives agree.",2026-08-19T02:08:42Z
83,main,T2 feat. Jodie Aysha,Heartbroken,original version,2007,spotify:track:1Y1lfD897czmPqULtHS7E7,https://open.spotify.com/track/1Y1lfD897czmPqULtHS7E7,T2,Heartbroken,Heartbroken,2017-03-10,288873,GBCFZ1700003,US,true,,accepted,Reviewed candidate selected: Full 4:49 Heartbroken recording; edit and 2022 remake excluded.,2026-08-19T02:10:35Z
84,main,Showtek,F.T.S.,original version,2007,spotify:track:5CLruz22PAlhr07V7ULV5u,https://open.spotify.com/track/5CLruz22PAlhr07V7ULV5u,Showtek,FTS - Original Mix,FTS,2007-06-21,329264,NLM070600016,US,true,,accepted,"Reviewed candidate selected: Title says Original Mix; 2007 release, duration, and ISRC agree.",2026-08-19T02:06:00Z
85,main,"Buraka Som Sistema feat. DJ Znobia, M.I.A., Saborosa & Puto Prata",Sound of Kuduro,original version,2008,spotify:track:0pKhBNnBdZtPA8lqKZ4xpi,https://open.spotify.com/track/0pKhBNnBdZtPA8lqKZ4xpi,"Buraka Som Sistema, DJ Znobia, MIA, Saborosa, Puto Prata",Sound Of Kuduro,Black Diamond,2009-06-10,213906,PTSM10800034,US,true,,accepted,"Reviewed candidate selected: Reviewed artist, title, requested version, release context, duration, ISRC, and recorded alternatives agree.",2026-08-19T02:08:42Z
86,main,Noisia,Stigma,original version,2008,spotify:track:6SiCueEHUE5rU4zPvGVlQu,https://open.spotify.com/track/6SiCueEHUE5rU4zPvGVlQu,Noisia,Stigma,Stigma / Crank,2008,352068,NLCK40700054,US,true,,accepted,"Reviewed candidate selected: 2008 single ISRC and 5:52 duration identify the original Stigma, excluding the album edit.",2026-08-19T02:09:46Z
87,main,Black Coffee feat. Bucie,Superman,original version,2009,spotify:track:752l1xT5G1OHzg71ZBnTyZ,https://open.spotify.com/track/752l1xT5G1OHzg71ZBnTyZ,Black Coffee,Superman,Home Brewed,2009-11-13,433626,ZAI911600050,US,true,,accepted,"Reviewed candidate selected: Reviewed artist, title, requested version, release context, duration, ISRC, and recorded alternatives agree.",2026-08-19T02:08:43Z
88,main,Munchi,Sandungueo,original version,2010,spotify:track:4SMZZNomVSOEnH7ZvJwHql,https://open.spotify.com/track/4SMZZNomVSOEnH7ZvJwHql,Munchi,Sandungueo,Moombahtonista EP,2012-03-06,271041,USZ4V1100011,US,true,,accepted,Reviewed candidate selected: Full Moombahtonista EP recording and stable ISRC agree.,2026-08-19T02:10:35Z
89,main,Roska,Squark,original version,2010,spotify:track:3VXxh5TNRHJB1VmTkolhik,https://open.spotify.com/track/3VXxh5TNRHJB1VmTkolhik,Roska,Squark,Rinse Presents: Roska,2010-04-05,385053,GBQGW1000010,US,true,,accepted,"Reviewed candidate selected: Reviewed artist, title, requested version, release context, duration, ISRC, and recorded alternatives agree.",2026-08-19T02:08:43Z
90,main,Skrillex,Scary Monsters and Nice Sprites,original version,2010,spotify:track:4rwpZEcnalkuhPyGkEdhu0,https://open.spotify.com/track/4rwpZEcnalkuhPyGkEdhu0,Skrillex,Scary Monsters and Nice Sprites,Scary Monsters and Nice Sprites EP,2010-12-21,243353,GBTDG1000196,US,true,,accepted,"Reviewed candidate selected: Reviewed artist, title, requested version, release context, duration, ISRC, and recorded alternatives agree.",2026-08-19T02:08:43Z
91,main,Swedish House Mafia,One,original version,2010,spotify:track:4xr1Azj8mCbz6u8CITf8ef,https://open.spotify.com/track/4xr1Azj8mCbz6u8CITf8ef,Swedish House Mafia,One,One (Your Name),2010-07-23,351453,GBAAA1000093,US,true,,accepted,"Reviewed candidate selected: Reviewed artist, title, requested version, release context, duration, ISRC, and recorded alternatives agree.",2026-08-19T02:08:43Z
92,main,3BallMTY feat. América Sierra & El Bebeto,Inténtalo,original version,2011,spotify:track:1G1oltHy7huusOr9eoUUQM,https://open.spotify.com/track/1G1oltHy7huusOr9eoUUQM,"3BallMTY, América Sierra, El Bebeto",Inténtalo,Inténtalo (Deluxe Edition),2012-01-01,193533,QM6DC1996587,US,true,,accepted,Reviewed candidate selected: Original Intentalo album entity and artist credits agree; later remixes excluded.,2026-08-19T02:09:46Z
93,main,Avicii,Levels,original version,2011,spotify:track:6Xe9wT5xeZETPwtaP2ynUz,https://open.spotify.com/track/6Xe9wT5xeZETPwtaP2ynUz,Avicii,Levels - Original Version,Levels,2011-10-28,338866,SEUM71100961,US,true,,accepted,Reviewed candidate selected: Title says Original Version; 2011 release and stable ISRC agree.,2026-08-19T02:06:00Z
94,main,Rustie,After Light,album version,2011,spotify:track:6GIYthsbMugsQBedauATa9,https://open.spotify.com/track/6GIYthsbMugsQBedauATa9,Rustie,After Light,Glass Swords,2011-10-10,222693,GBBPW1100132,US,true,,accepted,"Reviewed candidate selected: Reviewed artist, title, requested version, release context, duration, ISRC, and recorded alternatives agree.",2026-08-19T02:08:43Z
95,main,TNGHT,Higher Ground,original version,2012,spotify:track:3PRPiS8XO5BDwtBePgAlVM,https://open.spotify.com/track/3PRPiS8XO5BDwtBePgAlVM,"TNGHT, Hudson Mohawke, Lunice",Higher Ground,TNGHT,2012-07-23,199343,GBBPW1200114,US,true,,accepted,"Reviewed candidate selected: Reviewed artist, title, requested version, release context, duration, ISRC, and recorded alternatives agree.",2026-08-19T02:08:43Z
96,main,Flume,Holdin On,album version,2012,spotify:track:0IW97aCIWMRHc16XLnCCC5,https://open.spotify.com/track/0IW97aCIWMRHc16XLnCCC5,Flume,Holdin On,Flume,2012-11-09,154414,AUFF00500393,US,true,,accepted,"Reviewed candidate selected: Reviewed artist, title, requested version, release context, duration, ISRC, and recorded alternatives agree.",2026-08-19T02:08:44Z
97,main,DJ Rashad,Let It Go,album version,2013,spotify:track:15TeVse95M39M1iB5vrhhh,https://open.spotify.com/track/15TeVse95M39M1iB5vrhhh,DJ Rashad,Let It Go,Rollin',2013-03-18,336903,GBLZC1300002,US,true,,accepted,"Reviewed candidate selected: Reviewed artist, title, requested version, release context, duration, ISRC, and recorded alternatives agree.",2026-08-19T02:08:44Z
98,main,Martin Garrix,Animals,original version,2013,spotify:track:0A9mHc7oYUoCECqByV8cQR,https://open.spotify.com/track/0A9mHc7oYUoCECqByV8cQR,Martin Garrix,Animals,Animals,2013-06-17,304228,NLZ541300467,US,true,,accepted,"Reviewed candidate selected: Reviewed artist, title, requested version, release context, duration, ISRC, and recorded alternatives agree.",2026-08-19T02:08:44Z
99,main,Tchami feat. Kaleem Taylor,Promesses,original version,2013,spotify:track:6tAHl2xT4iCBBGD7K6sWtq,https://open.spotify.com/track/6tAHl2xT4iCBBGD7K6sWtq,"Tchami, Kaleem Taylor",Promesses (Extended Mix),Promesses,2015-01-05,252442,GBCEN1401102,US,true,,accepted,Reviewed candidate selected: 4:12 Extended Mix matches the full 2013 original mix; radio edit and named remixes excluded.,2026-08-19T02:15:33Z
100,main,RL Grime,Core,original version,2014,spotify:track:097ivRfD5gBHjqhwEMifOT,https://open.spotify.com/track/097ivRfD5gBHjqhwEMifOT,RL Grime,Core,VOID,2014-11-17,236800,USDM31400130,US,true,,accepted,"Reviewed candidate selected: Reviewed artist, title, requested version, release context, duration, ISRC, and recorded alternatives agree.",2026-08-19T02:08:44Z
101,main,Nozinja,Tsekeleke,original mix,2014,spotify:track:0ogaTCfzZjftLJyCkCt0eW,https://open.spotify.com/track/0ogaTCfzZjftLJyCkCt0eW,Nozinja,Tsekeleke,Tsekeleke,2014-08-11,388052,GBBPW1400128,US,true,,accepted,Reviewed candidate selected: Plain 6:28 Tsekeleke entity identifies the original mix; vocal mix and video edit excluded.,2026-08-19T02:10:35Z
102,main,Kygo feat. Conrad Sewell,Firestone,original version,2014,spotify:track:1I8tHoNBFTuoJAlh4hfVVE,https://open.spotify.com/track/1I8tHoNBFTuoJAlh4hfVVE,"Kygo, Conrad Sewell",Firestone,Cloud Nine,2016-05-13,271634,SEBGA1400887,US,true,,accepted,"Reviewed candidate selected: Reviewed artist, title, requested version, release context, duration, ISRC, and recorded alternatives agree.",2026-08-19T02:08:44Z
103,main,UNIIQU3,Yo (I'm Lit),original version,2015,spotify:track:2M54zjwoKv8zzQW9BKN1CD,https://open.spotify.com/track/2M54zjwoKv8zzQW9BKN1CD,Saint & Uniiqu3,Yo (I'm Lit),Main Course presents Snacks: Volume 9,2015-05-05,185142,USYBL1500262,US,true,,accepted,"Reviewed candidate selected: Reviewed artist, title, requested version, release context, duration, ISRC, and recorded alternatives agree.",2026-08-19T02:08:45Z
104,main,Islam Chipsy & EEK,Kahraba,album version,2015,,,,,,,,,,,,unavailable,Requested version unavailable: No playable Spotify entity matching Islam Chipsy & EEK's requested album recording was returned.,2026-08-19T02:15:59Z
105,main,DJ Lag,Ice Drop,original version,2016,spotify:track:1AUkzwumfpusZ9wkUVSaQX,https://open.spotify.com/track/1AUkzwumfpusZ9wkUVSaQX,DJ Lag,Ice Drop,DJ Lag EP,2016-11-11,370651,GBHLW1602964,US,true,,accepted,Reviewed candidate selected: Official DJ Lag EP metadata gives 11 November 2016 and 6:10.,2026-08-19T02:06:00Z
106,main,Jlin,Black Origami,album version,2017,spotify:track:63NMFg8yL81gmSZxwUtqVV,https://open.spotify.com/track/63NMFg8yL81gmSZxwUtqVV,Jlin,Black Origami,Black Origami,2017-05-19,270579,USA2B1701303,US,true,,accepted,"Reviewed candidate selected: Reviewed artist, title, requested version, release context, duration, ISRC, and recorded alternatives agree.",2026-08-19T02:08:45Z
107,main,Charlotte de Witte,Sgadi Li Mi,original version,2020,spotify:track:7yjOcwS2yfuxJPYuzSAPVL,https://open.spotify.com/track/7yjOcwS2yfuxJPYuzSAPVL,Charlotte de Witte,Sgadi Li Mi,Return to Nowhere EP,2020-06-12,384387,BET612000005,US,true,,accepted,Reviewed candidate selected: Artist Bandcamp and Spotify both identify the 2020 Return to Nowhere EP version.,2026-08-19T02:06:01Z
108,main,Kabza De Small feat. Leehleza,Umshove,original version,2018,spotify:track:1Ubsm0mdSJ8KMUQywSEjpT,https://open.spotify.com/track/1Ubsm0mdSJ8KMUQywSEjpT,"Leehleza, Kabza De Small",Umshove,Da Best,2025-11-14,358956,QZS7J2569483,US,true,,accepted,Reviewed candidate selected: Playable 5:59 plain-title Leehleza/Kabza recording matches the known original-length track; Spotify currently wraps it in a 2025 catalog reissue.,2026-08-19T02:15:59Z
109,main,Bamba Pana,Linga Linga,album version,2018,spotify:track:0SdkwQbcTyK99k3jExpWre,https://open.spotify.com/track/0SdkwQbcTyK99k3jExpWre,"Bamba Pana, Makaveli",Linga Linga - feat. Makaveli,Poaa,2018-08-16,278233,USA2Z1811416,US,true,,accepted,"Reviewed candidate selected: Reviewed artist, title, requested version, release context, duration, ISRC, and recorded alternatives agree.",2026-08-19T02:08:45Z
110,main,DJ Plead,Salt and Pepper,original version,2019,spotify:track:19MYu5B0eBWGF7ahbh2ai6,https://open.spotify.com/track/19MYu5B0eBWGF7ahbh2ai6,DJ Plead,Salt and Pepper,Pleats Plead,2019-03-01,378181,UKA9G1700038,US,true,,accepted,"Reviewed candidate selected: Reviewed artist, title, requested version, release context, duration, ISRC, and recorded alternatives agree.",2026-08-19T02:08:45Z
111,main,FISHER,Losing It,original version,2018,spotify:track:6ho0GyrWZN3mhi9zVRW7xi,https://open.spotify.com/track/6ho0GyrWZN3mhi9zVRW7xi,FISHER,Losing It,Losing It,2018-07-13,248035,CA5KR1821202,US,true,,accepted,"Reviewed candidate selected: Reviewed artist, title, requested version, release context, duration, ISRC, and recorded alternatives agree.",2026-08-19T02:08:45Z
112,main,"MFR Souls feat. DJ Maphorisa, Kabza De Small & Sha Sha",Love You Tonight,original version,2019,spotify:track:2NbUnaGrjwRuRjZ5EPyOR5,https://open.spotify.com/track/2NbUnaGrjwRuRjZ5EPyOR5,"Mfr Souls, DJ Maphorisa, Sha Sha, Kabza De Small","Love You Tonight (feat. DJ Maphorisa, Sha Sha & Kabza De Small)",The Beginning,2019-11-08,353206,ZA0I41900030,US,true,,accepted,"Reviewed candidate selected: Reviewed artist, title, requested version, release context, duration, ISRC, and recorded alternatives agree.",2026-08-19T02:08:45Z
113,main,Nia Archives,Baianá,original version,2022,spotify:track:7B0gxo0jQCy5Lk93RIODAC,https://open.spotify.com/track/7B0gxo0jQCy5Lk93RIODAC,Nia Archives,Baianá,Baianá,2022-09-30,152558,GBUM72205349,US,true,,accepted,"Reviewed candidate selected: Reviewed artist, title, requested version, release context, duration, ISRC, and recorded alternatives agree.",2026-08-19T02:08:46Z
114,main,Safety Trance feat. Arca,El Alma Que Te Trajo,original version,2022,spotify:track:5pGz6FrmpHjOuso83azbik,https://open.spotify.com/track/5pGz6FrmpHjOuso83azbik,"Safety Trance, Arca",El Alma Que Te Trajo,El Alma Que Te Trajo,2022-06-16,144848,DEDU22200013,US,true,,accepted,"Reviewed candidate selected: Reviewed artist, title, requested version, release context, duration, ISRC, and recorded alternatives agree.",2026-08-19T02:08:46Z
F01,fringe,The Peech Boys,Don't Make Me Wait,original version,1982,spotify:track:14vzRSq7BF44nRzwGqGqj9,https://open.spotify.com/track/14vzRSq7BF44nRzwGqGqj9,"DJ Dove Vs The Peech Boys, The Peech Boys",Don't Make Me Wait - Original Mix,Don't Make Me Wait 2007,2007-09-04,493493,USAH90717986,US,true,,accepted,Reviewed candidate selected: Original Mix title and 8:13 duration agree; 2007 streaming date is a reissue date.,2026-08-19T02:09:47Z
F02,fringe,Klein + M.B.O.,Dirty Talk,European Connection version,1982,spotify:track:016UIc9fZfCJocABc6bqux,https://open.spotify.com/track/016UIc9fZfCJocABc6bqux,Klein & M.B.O.,Dirty Talk - European Connection,Dirty Talk,1982-11-16,497348,USGZ21867220,US,true,,accepted,"Reviewed candidate selected: European Connection title, 1982 release, and 8:17 vocal duration distinguish it from the instrumental.",2026-08-19T02:09:47Z
F03,fringe,The KLF,What Time Is Love?,Pure Trance Original,1988,,,,,,,,,,,,unavailable,Requested version unavailable: The 7:05-7:10 1988 Pure Trance Original is absent; Spotify exposes Live at Trancentral and America versions only.,2026-08-19T02:16:00Z
F04,fringe,A Split-Second,Flesh,original version at slowed club speed,1986,spotify:track:2s0lndhJ7f1Sg1oChArGmD,https://open.spotify.com/track/2s0lndhJ7f1Sg1oChArGmD,A Split Second,Flesh,Next Wave Acid Punx,2021-06-04,291333,BED338900011,US,true,,accepted,"Reviewed candidate selected: The 4:51 slowed club-speed entity matches the requested version, not the 3:53 normal-speed master.",2026-08-19T02:09:47Z
F05,fringe,Nitzer Ebb,Join in the Chant,original version,1987,spotify:track:34vs8Nv1UbY63eWgMR1Tb2,https://open.spotify.com/track/34vs8Nv1UbY63eWgMR1Tb2,Nitzer Ebb,Join In The Chant,That Total Age,1987-05-11,365706,USGF18715506,US,true,,accepted,"Reviewed candidate selected: Reviewed artist, title, requested version, release context, duration, ISRC, and recorded alternatives agree.",2026-08-19T02:08:46Z
F06,fringe,808 State,Pacific State,original version,1989,spotify:track:5viwTjaaO8fmVWzTLjuXaM,https://open.spotify.com/track/5viwTjaaO8fmVWzTLjuXaM,808 State,"Pacific State - 12"" Version",Pacific,1989-11-06,389200,GBUM72104710,US,true,,accepted,Reviewed candidate selected: Explicit 12 inch Version title and 6:29 duration match Pacific State on Quadrastate.,2026-08-19T02:09:47Z
F07,fringe,DJ Marlboro,Melô da Mulher Feia,original version,1989,spotify:track:0x80xxyP0Dautya4eU5hPN,https://open.spotify.com/track/0x80xxyP0Dautya4eU5hPN,"Abdula, DJ Marlboro",Melô Da Mulher Feia,DJ Marlboro Apresenta Funk Brasil 01,1989-01-05,216245,BRUM70601022,US,true,,accepted,"Reviewed candidate selected: Reviewed artist, title, requested version, release context, duration, ISRC, and recorded alternatives agree.",2026-08-19T02:08:46Z
F08,fringe,Human Resource,Dominator,original version,1991,,,,,,,,,,,,unavailable,"Requested version unavailable: The original club mix runs about 4:54; available plain-title entities are short edits or later collaborations, while the famous Beltram mix is a distinct remix.",2026-08-19T02:16:00Z
F09,fringe,Rotterdam Termination Source,Poing,original version,1992,spotify:track:14GhuH7xkBJ9hlqB850sH4,https://open.spotify.com/track/14GhuH7xkBJ9hlqB850sH4,Rotterdam Termination Source,Poing!,Poing 98 (Mark Van Dale with Enrico Remix),1992-06-14,219242,NLS241202640,US,true,,accepted,Reviewed candidate selected: Original 1992 Poing single entity; later Mark Van Dale remix context does not alter the stable ISRC.,2026-08-19T02:10:35Z
F10,fringe,The KGB's,Fahrenheit,original version,2006,spotify:track:4Y01VvHYSlIKTwsplzj1c1,https://open.spotify.com/track/4Y01VvHYSlIKTwsplzj1c1,The Kgb's,Fahrenheit - Original Mix,Fahrenheit,2006-01-01,410984,ITC940600647,US,true,,accepted,Reviewed candidate selected: Title says Original Mix and the 2006 Fahrenheit release agrees.,2026-08-19T02:06:01Z
F11,fringe,Dr. Peacock,Trip to Ireland,original version,2016,spotify:track:6u8pHCsBSo1rahkWXUxPzW,https://open.spotify.com/track/6u8pHCsBSo1rahkWXUxPzW,Dr. Peacock,Trip to Ireland,Trip Around The World,2016-12-09,243900,NLS161600608,US,true,,accepted,Reviewed candidate selected: 2016 Trip Around The World release and stable ISRC agree.,2026-08-19T02:09:47Z
F12,fringe,KinDzaDza,Dasty Ho,Waves from Outer Space CD version,2004,spotify:track:766nlO0LQvd3el6Wdlxz0B,https://open.spotify.com/track/766nlO0LQvd3el6Wdlxz0B,Kindzadza,Dasty Ho,Waves from Outer Space,2004,383626,NLD910800602,US,true,,accepted,"Reviewed candidate selected: Reviewed artist, title, requested version, release context, duration, ISRC, and recorded alternatives agree.",2026-08-19T02:08:46Z
F13,fringe,Autechre,Bike,album version,1993,spotify:track:3Om7xxNAn64xJOuU9WVKtp,https://open.spotify.com/track/3Om7xxNAn64xJOuU9WVKtp,Autechre,Bike,Incunabula,1993-11-29,480133,GBBPW9300126,US,true,,accepted,"Reviewed candidate selected: Reviewed artist, title, requested version, release context, duration, ISRC, and recorded alternatives agree.",2026-08-19T02:08:46Z
F14,fringe,Massive Attack,Unfinished Sympathy,album version,1991,spotify:track:28jaG0nLqlijtHGQzZqGWK,https://open.spotify.com/track/28jaG0nLqlijtHGQzZqGWK,"Massive Attack, Shara Nelson",Unfinished Sympathy,Singles Collection,1998-01-01,316160,GBAAA9100034,US,true,,accepted,"Reviewed candidate selected: Reviewed artist, title, requested version, release context, duration, ISRC, and recorded alternatives agree.",2026-08-19T02:08:47Z
F15,fringe,Boards of Canada,Roygbiv,album version,1998,spotify:track:5Hf2h59YLInKlic7ooWZVd,https://open.spotify.com/track/5Hf2h59YLInKlic7ooWZVd,Boards of Canada,Roygbiv,Music Has The Right To Children,1998-04-20,149080,GBBPW9800019,US,true,,accepted,"Reviewed candidate selected: Reviewed artist, title, requested version, release context, duration, ISRC, and recorded alternatives agree.",2026-08-19T02:08:47Z
F16,fringe,µ-Ziq,Hasty Boom Alert,album version,1997,spotify:track:4miEA9U9PZKBYryATLzCKC,https://open.spotify.com/track/4miEA9U9PZKBYryATLzCKC,µ-Ziq,Hasty Boom Alert,Lunatic Harness,1997-01-01,315133,GBAAA9710847,US,true,,accepted,"Reviewed candidate selected: Reviewed artist, title, requested version, release context, duration, ISRC, and recorded alternatives agree.",2026-08-19T02:08:47Z
F17,fringe,Venetian Snares,Hajnal,album version,2005,spotify:track:2XwtDuafQn9bwzntvAhs6P,https://open.spotify.com/track/2XwtDuafQn9bwzntvAhs6P,Venetian Snares,Hajnal,Rossz Csillag Alatt Született,2005-03-14,466000,US78Q0500005,US,true,,accepted,"Reviewed candidate selected: Reviewed artist, title, requested version, release context, duration, ISRC, and recorded alternatives agree.",2026-08-19T02:08:47Z
F18,fringe,Fatboy Slim,The Rockafeller Skank,original version,1998,spotify:track:7mCQK9YB25WZw1saUjfL4e,https://open.spotify.com/track/7mCQK9YB25WZw1saUjfL4e,Fatboy Slim,The Rockafeller Skank,You've Come A Long Way Baby,1998-01-01,413880,GBBMQ9800024,US,true,,accepted,"Reviewed candidate selected: Reviewed artist, title, requested version, release context, duration, ISRC, and recorded alternatives agree.",2026-08-19T02:08:47Z
F19,fringe,Stanton Warriors,Da Antidote,original version,2001,spotify:track:5M8iaNg4osHmw19PNo7XeA,https://open.spotify.com/track/5M8iaNg4osHmw19PNo7XeA,Stanton Warriors,Da Antidote,Da Antidote,2001,363426,GBDLM0100010,US,true,,accepted,"Reviewed candidate selected: 2001 original vocal entity and 6:03 duration; instrumental, VIP, and remix excluded.",2026-08-19T02:09:48Z
F20,fringe,Wolfgang Gartner,Wolfgang's 5th Symphony,original version,2009,spotify:track:5cUvXmo66nfSDzweNao7BF,https://open.spotify.com/track/5cUvXmo66nfSDzweNao7BF,Wolfgang Gartner,Wolfgang's 5th Symphony,Wolfgangs 5th Symphony / The Grey Agenda,2010,451013,USUS11000704,US,true,,accepted,Reviewed candidate selected: Original full 7:31 recording and stable ISRC agree with the 2009 single.,2026-08-19T02:09:48Z
F21,fringe,Oliver Heldens,Gecko,original version,2013,,,,,,,,,,,,unavailable,Requested version unavailable: The exact 4:42 original entity spotify:track:55RUi0pvDvRiDxEz6hw81Q is unplayable in the authenticated US market; the playable 2:46 entity is an edit.,2026-08-19T02:16:00Z
F22,fringe,Dillon Francis,Masta Blasta,original version,2011,spotify:track:6vjQTGw36JwJuv3V6UrVxV,https://open.spotify.com/track/6vjQTGw36JwJuv3V6UrVxV,Dillon Francis,Masta Blasta,Westside! EP,2011-03-15,357954,USZ4V1000230,US,true,,accepted,"Reviewed candidate selected: Reviewed artist, title, requested version, release context, duration, ISRC, and recorded alternatives agree.",2026-08-19T02:08:48Z
F23,fringe,REZZ,Edge,original version,2016,spotify:track:5pusGtgNOBo2PnRMWuz8L2,https://open.spotify.com/track/5pusGtgNOBo2PnRMWuz8L2,Rezz,Edge,The Silence Is Deafening,2016-01-22,223886,GBTDG1301077,US,true,,accepted,"Reviewed candidate selected: Reviewed artist, title, requested version, release context, duration, ISRC, and recorded alternatives agree.",2026-08-19T02:08:48Z
F24,fringe,Deena Abdelwahed,Klabb V2,EP version,2017,spotify:track:4T337xtWmPVGzV1XP8fAog,https://open.spotify.com/track/4T337xtWmPVGzV1XP8fAog,Deena Abdelwahed,Klabb V2,Klabb - EP,2017-03-08,388156,FRT091700004,US,true,,accepted,Reviewed candidate selected: Artist Bandcamp identifies Klabb V2 on the 2017 Klabb EP.,2026-08-19T02:06:01Z
F25,fringe,CRRDR,Rompe Rodillas,original version,2022,spotify:track:6fRe8rMImVmGlBzBklglB6,https://open.spotify.com/track/6fRe8rMImVmGlBzBklglB6,CRRDR,Rompe Rodillas,Rompe Rodillas,2022-02-04,473600,QZ5AB2211821,US,true,,accepted,Reviewed candidate selected: Exact artist/title match on the 2022 original single.,2026-08-19T02:06:01Z
F26,fringe,Wayne Smith,Under Mi Sleng Teng,original version,1985,spotify:track:6SGoxcaJ2HoEZcXPNqUPen,https://open.spotify.com/track/6SGoxcaJ2HoEZcXPNqUPen,Wayne Smith,Under Mi Sleng Teng,King Jammy's: Selector's Choice Vol. 1,2007-01-09,199560,USVPR0510572,US,true,,accepted,Reviewed candidate selected: Full original Under Mi Sleng Teng recording and stable archival ISRC agree.,2026-08-19T02:09:48Z
F27,fringe,DJ Assault,Sex on the Beach,original version,1996,spotify:track:4erJBoqNtQtSgwTmnSGY7A,https://open.spotify.com/track/4erJBoqNtQtSgwTmnSGY7A,DJ Assault,Sex On The Beach,Greatest Hits Vol. 1,2011-10-30,218672,USJ6F1100065,US,true,,accepted,Reviewed candidate selected: Full DJ Assault recording; exact artist/title match and requested original entity agree.,2026-08-19T02:10:36Z
F28,fringe,Katey Red,Melpomene Block Party,original / archival version,1999,spotify:track:4TOqdHhUdvSIjSjvUyOtuc,https://open.spotify.com/track/4TOqdHhUdvSIjSjvUyOtuc,Katey Red,Melpomeme Block Party (Punk Under Pressure),Take Fo' Superstars: Party at the Luau,2000-07-04,519916,QZF9N1800136,US,true,,accepted,Reviewed candidate selected: Playable 8:39 archival 2000 recording; Spotify preserves the catalog typo Melpomeme and subtitle Punk Under Pressure.,2026-08-19T02:15:33Z
F29,fringe,DJ Tameil,Dat Butt,original EP version,2001–2002,,,,,,,,,,,,unavailable,Requested version unavailable: No playable Spotify entity matching DJ Tameil's requested original EP recording was found.,2026-08-19T02:16:00Z
F30,fringe,DJ Mujava,Township Funk,Warp version,2008,spotify:track:0EN8KF256ZGQOctxVVwA20,https://open.spotify.com/track/0EN8KF256ZGQOctxVVwA20,Dj Mujava,Township Funk,Township Funk,2008-08-11,349480,GBBPW0800066,US,true,,accepted,Reviewed candidate selected: Original 2008 Warp single entity; excludes the Mark Pritchard and other remixes.,2026-08-19T02:06:01Z
F31,fringe,DJ Marfox,Eu Sei Quem Sou,original version,2011,spotify:track:0gq3ddBFrsgldbi0T3rtFT,https://open.spotify.com/track/0gq3ddBFrsgldbi0T3rtFT,DJ Marfox,Eu Sei Quem Sou,Eu Sei Quem Sou,2011-11-30,273900,GBQLP1100411,US,true,,accepted,"Reviewed candidate selected: Reviewed artist, title, requested version, release context, duration, ISRC, and recorded alternatives agree.",2026-08-19T02:08:48Z
F32,fringe,Chancha Via Circuito,Ilaló,album version,2018,spotify:track:36MwyyD3Bf7RHlq1zqmfMr,https://open.spotify.com/track/36MwyyD3Bf7RHlq1zqmfMr,"Chancha Via Circuito, Mateo Kingman",Ilaló,Bienaventuranza,2018-06-08,300721,USCCW1610778,US,true,,accepted,Reviewed candidate selected: Wonderwheel 2018 album metadata and five-minute album track agree.,2026-08-19T02:06:02Z
F33,fringe,Coco Em,Kilumi,album version,2022,spotify:track:4tQIba8802mGfRm1H2L6eM,https://open.spotify.com/track/4tQIba8802mGfRm1H2L6eM,"Coco Em, Ndunge Wa Kalele",Kilumi,Kilumi,2022-04-21,156000,FRT092100231,US,true,,accepted,"Reviewed candidate selected: Reviewed artist, title, requested version, release context, duration, ISRC, and recorded alternatives agree.",2026-08-19T02:08:48Z
F34,fringe,33EMYBW,Arthropods Continent,album version,2019,spotify:track:1u4o3cuSkV8FJPfM9pZFn8,https://open.spotify.com/track/1u4o3cuSkV8FJPfM9pZFn8,"33EMYBW, Li Jianhong",Arthropods Continent,Arthropods,2019-10-11,455727,GBHLW1902978,US,true,,accepted,"Reviewed candidate selected: 2019 Arthropods album title, artist credit, and 7:36 duration agree.",2026-08-19T02:06:02Z
F35,fringe,DJ Haram,No Idol,original version,2019,spotify:track:361HOLAyt7t5wMcnSqTrXl,https://open.spotify.com/track/361HOLAyt7t5wMcnSqTrXl,DJ Haram,No Idol,Grace EP,2019-07-05,216000,GBLZC1900073,US,true,,accepted,"Reviewed candidate selected: Reviewed artist, title, requested version, release context, duration, ISRC, and recorded alternatives agree.",2026-08-19T02:08:48Z
F36,fringe,DJ Love (Sherwin Tuna),Budots 2 Bomb,Budots World (Reloaded) version,2024,spotify:track:5bEjRgml8ZJeDE2nCqvTJ4,https://open.spotify.com/track/5bEjRgml8ZJeDE2nCqvTJ4,DJ Love (Sherwin Tuna),Budots 2 Bomb,Budots World (Reloaded),2024-08-07,195365,DGA072468134,US,true,,accepted,Reviewed candidate selected: Exact Budots World Reloaded title and 2024 album metadata agree.,2026-08-19T02:06:02Z
F37,fringe,El General,Tu Pun Pun,original recording,1990,spotify:track:5MIWYWguyDnxBlCQT9V4Kt,https://open.spotify.com/track/5MIWYWguyDnxBlCQT9V4Kt,El General,Tu Pun Pun,Estas Buena,1991-07-15,212933,USJE61001649,US,true,,accepted,Reviewed candidate selected: Original Estas Buena recording and stable ISRC; later compilation duplicate excluded.,2026-08-19T02:10:36Z
F38,fringe,Daddy Yankee,Gasolina,album version,2004,spotify:track:5YoITs1m0q8UOQ4AW7N5ga,https://open.spotify.com/track/5YoITs1m0q8UOQ4AW7N5ga,Daddy Yankee,Gasolina,Barrio Fino (Bonus Track Version),2004-07-13,192600,QM6N21759342,US,true,,accepted,"Reviewed candidate selected: Reviewed artist, title, requested version, release context, duration, ISRC, and recorded alternatives agree.",2026-08-19T02:08:48Z
F39,fringe,DJ Hazard & D*Minds,Mr Happy,original mix,2007,spotify:track:2vg5YDfcWlj4eK6wPPeCyu,https://open.spotify.com/track/2vg5YDfcWlj4eK6wPPeCyu,"DJ Hazard, D*Minds",Mr Happy,,,358732,,,true,,exact,Playable candidate duration agrees with the 5:58 original mix and credited artists.,2026-08-18T07:45:00-04:00
F40,fringe,Benny L,Low Blow,original version,2017,spotify:track:2u5KM7aEny1gdewqSy4zMD,https://open.spotify.com/track/2u5KM7aEny1gdewqSy4zMD,Benny L,Low Blow,Route Zero - EP,2017-10-06,293485,GBBHF1320042,US,true,,accepted,"Reviewed candidate selected: Reviewed artist, title, requested version, release context, duration, ISRC, and recorded alternatives agree.",2026-08-19T02:08:49Z
F41,fringe,Gray,Told You (Soundboy),original version,2025,spotify:track:6MKW5vwfK2rS9T38paeI4x,https://open.spotify.com/track/6MKW5vwfK2rS9T38paeI4x,Gray,Told You (Soundboy),,,178971,,,true,,exact,Playable exact-title artist match returned by authenticated Spotify search.,2026-08-18T07:45:00-04:00
F42,fringe,INFEKT,Orgalorg,original version,2016,spotify:track:63WVUdcOb0JTwGELasGI1n,https://open.spotify.com/track/63WVUdcOb0JTwGELasGI1n,INFEKT,Orgalorg,,,305147,,,true,,exact,Playable original entity distinguished from Orgalorg VIP and Orgalorg 2021.,2026-08-18T07:45:00-04:00
F43,fringe,MARAUDA,Casket,VIP,2019,spotify:track:2yCo1OjpZARjOSfHaistBa,https://open.spotify.com/track/2yCo1OjpZARjOSfHaistBa,MARAUDA,Casket - VIP,,,150000,,,true,,exact,Playable entity explicitly titled Casket - VIP.,2026-08-18T07:45:00-04:00
F44,fringe,Hamdi,Skanka,DUPLOC version,2022,spotify:track:0vIWAmpjLwCC4DVJxAjRZW,https://open.spotify.com/track/0vIWAmpjLwCC4DVJxAjRZW,Hamdi,Skanka,Skanka,2022-05-11,221121,GB8KE2204202,US,true,,accepted,Reviewed candidate selected: 2022 DUPLOC Skanka entity and 3:41 duration agree; VIP and vocal dub excluded.,2026-08-19T02:09:48Z
